Fecha_creaci√≥n;Id;Texto;Fuente;Truncado;Respuesta_al_tweet;Respuesta_al_usuario_id;Respuesta_al_usuario_nombre;geo;coordenadas;lugar;contribucion;lenguaje;retweeteado
2023-03-28 22:03:19+00:00;1640836995558539264;RT @polloswaglord: i cry every time https://t.co/9TPWxKqZq9;Twitter Web App;False;;;;;;;;en;False
2023-03-28 21:59:25+00:00;1640836013634322432;RT @popkoni: I LOVE TEARS OF THE KINGDOM https://t.co/MEFogzh9Zt;Twitter for Android;False;;;;;;;;en;False
2023-03-28 21:14:56+00:00;1640824817342349315;RT @BitchAssBowie: https://t.co/OUe8kwL0i3;Twitter for Android;False;;;;;;;;und;False
2023-03-28 21:10:00+00:00;1640823575254020096;RT @azsan18: Couple goals;Twitter for Android;False;;;;;;;;en;False
2023-03-28 20:44:45+00:00;1640817221953007616;@siebaa__ @DiianaLadron Has entendido algo de lo que he dicho? Xd;Twitter Web App;False;1640817155557015552;2791557555;FranchoStaphPlz;;;;;es;False
2023-03-28 20:44:29+00:00;1640817155557015552;@siebaa__ @DiianaLadron Que?;Twitter Web App;False;1640813251154923521;1357309274;siebaa__;;;;;und;False
2023-03-28 18:05:40+00:00;1640777186817744898;RT @JustinWhang: Why‚Äôd they crush his balls https://t.co/51VZNW3VTr;Twitter Web App;False;;;;;;;;en;False
2023-03-28 17:55:42+00:00;1640774680800817158;RT @capuchaspuestas: marca distancia larga y aprovecha la inercia del nota hacia alante  para golpear al ment√≥n mientras pivota fuera de su‚Ä¶;Twitter for Android;False;;;;;;;;es;False
2023-03-28 17:55:31+00:00;1640774634269188105;RT @plasticbeachboy: SCP - 8563 https://t.co/mWJZQOGsFs;Twitter for Android;False;;;;;;;;und;False
2023-03-28 16:56:09+00:00;1640759692531040281;RT @KenkenIsTaken: https://t.co/ylW3YQ0LFa;Twitter for Android;False;;;;;;;;und;False
2023-03-28 16:56:05+00:00;1640759675439251463;RT @tipodincognit: gays ü§ù senyores majors;Twitter for Android;False;;;;;;;;ca;False
2023-03-28 16:55:28+00:00;1640759523672555525;RT @ShitpostGate: https://t.co/Qn1tiMrCj6;Twitter for Android;False;;;;;;;;und;False
2023-03-28 16:33:04+00:00;1640753883910733842;@DiianaLadron en su casa casi la mitad de su sueldo, y as√≠ no se va a poder ir de ah√≠ nunca, no se puede salir de una casa as√≠;Twitter for Android;False;1640753761395044353;2791557555;FranchoStaphPlz;;;;;es;False
2023-03-28 16:32:35+00:00;1640753761395044353;@DiianaLadron No entiendes de lo que est√° hablando, no es que necesiten dinero tus padres es que te lo exigen por v‚Ä¶ https://t.co/NQvUt7atIY;Twitter for Android;True;1640695377597800449;472274541;DiianaLadron;;;;;es;False
2023-03-28 16:25:04+00:00;1640751873039687680;RT @_Baby_Bunbun_: No entiendo a la gente que le molesta el pasado sexual de su pareja (incluyo a mi ex) tipo, si est√° contigo le gusta hac‚Ä¶;Twitter for Android;False;;;;;;;;es;False
2023-03-28 16:24:48+00:00;1640751806165798914;RT @Memakker: https://t.co/883HguTmmh;Twitter for Android;False;;;;;;;;und;False
2023-03-28 16:24:06+00:00;1640751628654370816;RT @PhilJamesson: weird https://t.co/Sat7Q6FkYE;Twitter for Android;False;;;;;;;;en;False
2023-03-28 15:49:52+00:00;1640743013012979714;RT @Memakker: https://t.co/XDx3uy9YqG;Twitter for Android;False;;;;;;;;und;False
2023-03-28 15:48:50+00:00;1640742755075760131;RT @WholesomeMeme: https://t.co/VmeS4GrK8b;Twitter for Android;False;;;;;;;;und;False
2023-03-28 15:42:18+00:00;1640741108815740929;RT @jojorium: a ver q yo me entere dec√≠ais q la gente gorda deber√≠a promover h√°bitos saludables, pero si lo hacen tambi√©n os quej√°is ??? no‚Ä¶;Twitter for Android;False;;;;;;;;es;False
2023-03-28 14:48:19+00:00;1640727521674031107;RT @UberDanger: I'm way too sensitive for Twitter man üò≠üò≠üò≠ a couple people called me irrelevant and it's way too true I wasn't ready to hear‚Ä¶;Twitter Web App;False;;;;;;;;en;False
2023-03-28 14:45:58+00:00;1640726933343293441;RT @morciIla: Las aceitunas son las chuches de la naturaleza;Twitter Web App;False;;;;;;;;es;False
2023-03-28 13:13:47+00:00;1640703734631084034;@carcellerW tuister;Twitter Web App;False;1640703688527298563;2906446330;carcellerW;;;;;nl;False
2023-03-28 12:55:26+00:00;1640699116261875713;"RT @kansaita_: la actitud de la chica es de ser gilipollas pero que tu vayas a otro tio a decirle ""controlala mejor"" como si fuese un perro‚Ä¶";Twitter for Android;False;;;;;;;;es;False
2023-03-28 12:51:15+00:00;1640698063361654785;RT @OrdinaryGamers: bro why was he looking at it for so long tho;Twitter for Android;False;;;;;;;;en;False
2023-03-28 12:50:36+00:00;1640697897137184768;RT @ask_aubry: The fact that none of the dudes in the comments fail to realize is that being lonely is still a major step above than being‚Ä¶;Twitter for Android;False;;;;;;;;en;False
2023-03-28 12:48:57+00:00;1640697482123304965;@carcellerW multilistbot;Twitter for Android;False;1640697016513691649;2906446330;carcellerW;;;;;es;False
2023-03-28 12:48:43+00:00;1640697425005273090;RT @carcellerW: Y no veng√°is a hablarle de pan al panadero que ya se que hay otras formas de hacer bots de Twitter, que este pavo es subnor‚Ä¶;Twitter for Android;False;;;;;;;;es;False
2023-03-28 12:46:48+00:00;1640696940936458241;RT @carcellerW: Este hombre dice que ya no van a salir cuentas no verificadas para acabar con los bots, sin embargo la API de Twitter hasta‚Ä¶;Twitter for Android;False;;;;;;;;es;False
2023-03-28 11:39:35+00:00;1640680028584198144;RT @TBeetleboy: Ojal√° ser cayetano para tener la estabilidad mental y social que esta gente maneja, todo les pasa por encima, no estan chro‚Ä¶;Twitter Web App;False;;;;;;;;es;False
2023-03-28 11:39:18+00:00;1640679955209109510;@carcellerW How tw esta rebelde;Twitter Web App;False;1640679823637901315;2906446330;carcellerW;;;;;es;False
2023-03-28 11:39:11+00:00;1640679928172560385;RT @carcellerW: @FranchoStaphPlz Que cojones nano;Twitter Web App;False;;;;;;;;es;False
2023-03-28 11:35:26+00:00;1640678982646366208;RT @pablomurrrr: a dos tweets de que los petardos de twitter macarrones hagan un juicio r√°pido y le quiten la custodia a Piqu√©;Twitter Web App;False;;;;;;;;es;False
2023-03-28 11:34:59+00:00;1640678871614799872;El d√≠a que toques una teta lo vas a flipar https://t.co/cCmMez7OQH;Twitter Web App;False;;;;;;;;es;False
2023-03-28 11:34:37+00:00;1640678775401717761;RT @DrippySoap: alg√∫n d√≠a os postrar√©is ante las puertas del Reino de los Cielos y San Pedro os pedir√° explicaciones por tweets como estos;Twitter Web App;False;;;;;;;;es;False
2023-03-28 06:24:56+00:00;1640600844553838592;RT @diaphonous_doll: i keep watching this i cant deal with her backdashing;Twitter Web App;False;;;;;;;;en;False
2023-03-28 06:23:53+00:00;1640600576726642689;"RT @selpideeeeeeeee: ""mira c√≥mo esta tecnolog√≠a roba toda la parte humana de (disciplina art√≠stica cuya finalidad original era establecer v‚Ä¶";Twitter Web App;False;;;;;;;;es;False
2023-03-28 06:16:35+00:00;1640598742045802497;RT @Jargon_Scott: I hope somebody gets this one https://t.co/lna4MNdoDm;Twitter Web App;False;;;;;;;;en;False
2023-03-28 06:12:21+00:00;1640597674725367809;RT @azsan18: Anyways no es un poco ir√≥nico que yo saliese en un reportaje de la sexta sobre el d√≠a de la felicidad??? I mean miradme https:‚Ä¶;Twitter Web App;False;;;;;;;;es;False
2023-03-27 20:16:59+00:00;1640447849144918024;RT @p3rr0t0rtug4: ¬øSab√≠as que...? Un grupo de surgeones ha conseguido hacer la primera surger√≠a exitosa en un grapo https://t.co/LYA6NjCg2Z;Twitter Web App;False;;;;;;;;es;False
2023-03-27 20:04:46+00:00;1640444771050070037;https://t.co/CiYUCxsvh6 https://t.co/ZxtCPvBCaI;Twitter Web App;False;;;;;;;;und;False
2023-03-27 19:44:55+00:00;1640439777353670657;Me https://t.co/MB73qp36dV;Twitter Web App;False;;;;;;;;und;False
2023-03-27 19:44:51+00:00;1640439760517734402;RT @stinkykatie: https://t.co/fZmx1C69hK;Twitter Web App;False;;;;;;;;und;False
2023-03-27 17:54:11+00:00;1640411911450955777;RT @NLGroovy: https://t.co/hzqte4U2pl;Twitter Web App;False;;;;;;;;und;False
2023-03-27 17:53:38+00:00;1640411771310870528;@RyuujiEVA01 Fran guapo me meo;Twitter Web App;False;1640402706115309568;482138893;RyuujiEVA01;;;;;es;False
2023-03-27 17:45:34+00:00;1640409742383169542;@Juanitoalvareez Si t√≠o, esque hago remo y parezco popeye;Twitter for Android;False;1640409606441644037;1059781634344603649;Juanitoalvareez;;;;;es;False
2023-03-27 17:45:22+00:00;1640409691045117963;RT @Juanitoalvareez: @FranchoStaphPlz Te van a cambiar la vida jajajaha;Twitter for Android;False;;;;;;;;es;False
2023-03-27 17:33:54+00:00;1640406806265581568;RT @RyuujiEVA01: @FranchoStaphPlz El pive: Estos 50 euros son tuyos??  Yo en el avi√≥n de camino a Puerto Rico: https://t.co/diFCnfklEn;Twitter for Android;False;;;;;;;;es;False
2023-03-27 17:16:10+00:00;1640402341479301122;RT @sommiewav: https://t.co/UDcXUyWhVL;Twitter for Android;False;;;;;;;;und;False
2023-03-27 17:15:34+00:00;1640402191143014401;RT @paulaminguezzz: necesito saber si esto es humor es m√°s necesito que lo sea por favor;Twitter for Android;False;;;;;;;;es;False
2023-03-27 17:15:23+00:00;1640402144623837190;RT @p3rr0t0rtug4: Twitter macarrones est√° a dos tweets de inventar el darwinismo social;Twitter for Android;False;;;;;;;;es;False
2023-03-27 17:06:58+00:00;1640400027272069133;RT @JackQuaid92: ü¶ñI mean, I‚Äôm no paleontologist but‚Ä¶;Twitter for Android;False;;;;;;;;en;False
2023-03-27 16:59:41+00:00;1640398194193448969;RT @RespectfulMemes: https://t.co/ddhTODNF5v;Twitter for Android;False;;;;;;;;und;False
2023-03-27 16:59:14+00:00;1640398081605656576;RT @AquiNoEstaPatt: Disfrutando de maincraft como una ni√±a peque√±a pillando ajolotes y pececitos y teniendo una casa de mierda pero pasando‚Ä¶;Twitter for Android;False;;;;;;;;es;False
2023-03-27 16:58:50+00:00;1640397981550624783;RT @darksoulstoilet: wtf are u doin miriel   eldenringtoilet remastered today https://t.co/qdXdWleEj0;Twitter for Android;False;;;;;;;;en;False
2023-03-27 16:48:13+00:00;1640395308231278610;RT @SuperG4lleta: Streammmmm  https://t.co/21vfeycOKO https://t.co/7iaWA4wva4;Twitter for Android;False;;;;;;;;en;False
2023-03-27 16:43:03+00:00;1640394007925735429;Necesito unos straps ya, tengo los antebrazos como patatas despu√©s de hacer remo;Twitter for Android;False;;;;;;;;es;False
2023-03-27 16:29:45+00:00;1640390662741712899;Poned Elon Musk mina de esmeralda y os sale una foto de ia s√∫per chula https://t.co/V2qlmT4kXR;Twitter for Android;False;;;;;;;;es;False
2023-03-27 16:28:47+00:00;1640390420571070466;"RT @ZenyouX: Fighting Steve is like being in an argument with someone and after every excellent point you make they respond with ""that's wh‚Ä¶";Twitter for Android;False;;;;;;;;en;False
2023-03-27 16:26:10+00:00;1640389759297110017;RT @soytrussy: bueno ya me han pasado mi horario de esta semana asi que dejo de ser oficialmente un parasito social y entro en el mundo lab‚Ä¶;Twitter for Android;False;;;;;;;;es;False
2023-03-27 16:21:42+00:00;1640388638214172672;RT @katieluxe: Power Wash Simulator is a great example of why you should hire a writer for your game, even if you think your concept ‚Äúisn‚Äôt‚Ä¶;Twitter for Android;False;;;;;;;;en;False
2023-03-27 16:20:10+00:00;1640388250933100544;RT @ElFuns: TU PUTER MOTHER ü§£ü§£ü§£ü§£ü§£ü§£;Twitter for Android;False;;;;;;;;fr;False
2023-03-27 16:18:21+00:00;1640387793254772737;RT @Akmaiaskia: Qu√© risa cuando inevitablemente el chat diga algo problem√°tico cancelable y no puedan pararlo;Twitter for Android;False;;;;;;;;es;False
2023-03-27 16:07:32+00:00;1640385071201828864;RT @Giorgerepe: rollo, el 99,99% de metaleros salen de fiesta y se la pela escuchar la sesion de bizarrap macarrones con tomatico, pero pon‚Ä¶;Twitter for Android;False;;;;;;;;es;False
2023-03-27 16:07:27+00:00;1640385048380596226;RT @Giorgerepe: hace 20 a√±os os compraba esto pero ahora son mas pesados y cerrados de mente la pe√±a que solo escucha el top 50 de Espa√±a q‚Ä¶;Twitter for Android;False;;;;;;;;es;False
2023-03-27 16:06:58+00:00;1640384928188645378;RT @ZeddyHS: Mukla is back, and this time he's really bananas. https://t.co/VadfENpgU9;Twitter for Android;False;;;;;;;;en;False
2023-03-27 16:03:02+00:00;1640383938932752384;RT @bagenzo: had a revelation and realized these are doing the same thing https://t.co/sbShqwC3Yj;Twitter for Android;False;;;;;;;;en;False
2023-03-27 16:02:10+00:00;1640383719126048768;RT @HacheInTheWild: https://t.co/SW9zmCBII7;Twitter for Android;False;;;;;;;;und;False
2023-03-27 15:52:33+00:00;1640381300040138752;RT @sigmascoping: Los streamers se cansaron de hacer lo mismo los mismos todo el rato y decidieron automatizarlo para poder hacer m√°s de lo‚Ä¶;Twitter for Android;False;;;;;;;;es;False
2023-03-27 15:38:51+00:00;1640377853622591489;RT @Asefron29: @FranchoStaphPlz Tambi√©n te digo, aparenta fingidisimo;Twitter for Android;False;;;;;;;;es;False
2023-03-27 15:10:34+00:00;1640370734470922243;RT @SoyMmadrigal: Lo dije https://t.co/6p9B0BFEnz;Twitter for Android;False;;;;;;;;es;False
2023-03-27 15:09:05+00:00;1640370360863408129;RT @_arbmeis_: ¬øSab√©is esa sensaci√≥n de estar en un sitio pero no estar? Es decir, f√≠sicamente estar pero tener la cabeza en cualquier otro‚Ä¶;Twitter for Android;False;;;;;;;;es;False
2023-03-27 15:08:07+00:00;1640370119665655809;RT @Memakker: https://t.co/DU1Dlm8MZq;Twitter for Android;False;;;;;;;;und;False
2023-03-27 15:06:24+00:00;1640369684527579138;RT @elemarc001: el neoliberal menos desclasado dispuesto a trabajar hasta los 85 a√±os con tal de no ver a gente con un tono diferente de pi‚Ä¶;Twitter for Android;False;;;;;;;;es;False
2023-03-27 15:03:41+00:00;1640369003171332100;RT @SlowEstus: Best part of the game awards are the sales üòé https://t.co/1GDDFPyPjZ;Twitter for Android;False;;;;;;;;en;False
2023-03-27 15:01:55+00:00;1640368559778934785;RT @ellorysmith: Larry David wrote Seinfeld while living in subsidized housing for artists. We used to do things just like this. Grants for‚Ä¶;Twitter for Android;False;;;;;;;;en;False
2023-03-27 15:01:32+00:00;1640368461686636548;RT @matttwood: Someone needs to cosplay the default Unreal dude and just take pictures in normal places and post them.;Twitter for Android;False;;;;;;;;en;False
2023-03-27 14:53:53+00:00;1640366535922294785;RT @Alexxynada: @FranchoStaphPlz Same, que vengan a por mi por bobos;Twitter for Android;False;;;;;;;;es;False
2023-03-27 14:33:10+00:00;1640361322524164096;RT @Mylestring: Not to be that person, pero esto lo dice un t√≠o y tenemos claro que el discurso de la friendzone es una mierda, pero lo dic‚Ä¶;Twitter Web App;False;;;;;;;;es;False
2023-03-27 14:23:32+00:00;1640358900166737921;Una buena mesa que me hice el otro d√≠a la verdad https://t.co/rvvb8ujN94;Twitter Web App;False;;;;;;;;es;False
2023-03-27 13:45:22+00:00;1640349292140322819;Me pones 50 euros en la mano y me falta calle pa correr https://t.co/XnedZGGuDQ;Twitter Web App;False;;;;;;;;es;False
2023-03-27 13:43:16+00:00;1640348765662900231;RT @carcellerW: Gente ya no me quedan 3 telediarios me queda como medio voy avisando;Twitter Web App;False;;;;;;;;es;False
2023-03-27 13:43:14+00:00;1640348758306177024;RT @carcellerW: Me resulta extremadamente comico q haya sido poner esto y que todo vaya a peor;Twitter Web App;False;;;;;;;;es;False
2023-03-27 11:27:45+00:00;1640314662406311936;RT @HacheInTheWild: paco sanz es una puta bombaüòîü§òü•Ä;Twitter Web App;False;;;;;;;;es;False
2023-03-27 11:24:38+00:00;1640313877479956481;RT @magromiguel7: Lo de Ciudad de las artes y de las ciencias como sede del imperio es tan buena idea que no s√© c√≥mo no lo han hecho antes.;Twitter Web App;False;;;;;;;;es;False
2023-03-27 11:19:59+00:00;1640312705318891523;RT @diegitol__: @princesita1331 https://t.co/Ro5XokelFv;Twitter Web App;False;;;;;;;;und;False
2023-03-27 11:18:46+00:00;1640312402674630656;RT @carcellerW: Hacer el master fue definitivamente una decision https://t.co/1Pa0JCWYtA;Twitter Web App;False;;;;;;;;es;False
2023-03-27 09:53:41+00:00;1640290989838409728;RT @H1TWOM4N: Just loaded Andrew Tate‚Äôs save https://t.co/FSz42ojNzy;Twitter for Android;False;;;;;;;;en;False
2023-03-27 09:53:31+00:00;1640290946322423810;RT @EPM106: I remember when this video dropped and people who‚Äôd never worked in any aspect of production went ‚ÄúHe shouldn‚Äôt be celebrated f‚Ä¶;Twitter for Android;False;;;;;;;;en;False
2023-03-27 07:25:55+00:00;1640253803659239431;RT @kiracantmizz: the PSP is way too good for its time wtf you mean it came out 18 years ago;Twitter for Android;False;;;;;;;;en;False
2023-03-27 07:08:24+00:00;1640249393839218690;RT @xbafuu: mi madre: el pan no esta tan duro el putisimo pan: https://t.co/uVGYezv1Nr;Twitter Web App;False;;;;;;;;es;False
2023-03-26 19:36:22+00:00;1640075237755592709;RT @DinoDrawer: Estoy harta de que ve√°is la educaci√≥n como una formaci√≥n laboral. Que pens√©is que el instituto est√° para formar trabajadore‚Ä¶;Twitter for Android;False;;;;;;;;es;False
2023-03-26 18:58:34+00:00;1640065726559010821;RT @kansaita_: https://t.co/NCR69NDkWn;Twitter for Android;False;;;;;;;;und;False
2023-03-26 18:58:16+00:00;1640065650964955137;RT @ComicLoverMari: Defending Griffith is a huge red flag;Twitter for Android;False;;;;;;;;en;False
2023-03-26 18:58:11+00:00;1640065629242753026;Griffith sacrificed everything Just so he could be more powerful and become a god. Everything he did was just to ga‚Ä¶ https://t.co/GNPnOXWF8M;Twitter for Android;True;;;;;;;;en;False
2023-03-26 17:13:36+00:00;1640039311121739779;RT @Win98Tech: Bluzzard love their women warriors! Look up Blizzard Assualt Women for more information!;Twitter for Android;False;;;;;;;;en;False
2023-03-26 17:05:21+00:00;1640037233590784001;RT @tragicbirdapp: üò≠üò≠ https://t.co/b2VJ7LmxQm;Twitter for Android;False;;;;;;;;und;False
2023-03-26 16:28:25+00:00;1640027940208406529;RT @L_No_One1: im hilarious https://t.co/q6u7cpYp8S;Twitter for Android;False;;;;;;;;en;False
2023-03-26 16:27:44+00:00;1640027766786490369;"RT @vaqu333: nadie:  illojuan ayer despu√©s de meterme un ratio solamente respondiendo ""y?"" https://t.co/qvlrU0Feae";Twitter for Android;False;;;;;;;;es;False
2023-03-26 16:27:04+00:00;1640027599958097921;RT @EvilAFM: @DaniboubeTV De hecho yo ni dejar√≠a grabar en el gym porque habr√° mucha gente inc√≥moda. Bastante duro es para algunas personas‚Ä¶;Twitter for Android;False;;;;;;;;es;False
2023-03-26 16:25:39+00:00;1640027244515999746;RT @DFB_POKKALSHEIS: im gonna fucking pass out crying why does it look like the cactuses are climbing him shadow of the colossus style http‚Ä¶;Twitter for Android;False;;;;;;;;en;False
2023-03-26 15:18:11+00:00;1640010264803254275;RT @WholesomeMeme: https://t.co/AIdHTQNq5L;Twitter Web App;False;;;;;;;;und;False
2023-03-26 12:07:23+00:00;1639962246364143620;RT @LuisToxicity: me apuntar√≠a antes a un gym solo para joder los planos de grabaci√≥n de la pe√±a que se graba con el m√≥vil que por mi salud‚Ä¶;Twitter Web App;False;;;;;;;;es;False
2023-03-26 12:06:43+00:00;1639962081532289024;RT @LuisToxicity: mi sobrino de 7 a√±os viene a mi casa , viene corriendo a verme y me dice : tio tio... tienes algo que hacer el 5 de abril‚Ä¶;Twitter Web App;False;;;;;;;;es;False
2023-03-26 11:57:56+00:00;1639959871297601542;RT @maicoGq: la pedofilia: *existe*  sociedad: nO  risto: igualdad para los 40tones!¬°üòé  los chavales cuando les pasas tres porros liaos a 4‚Ä¶;Twitter Web App;False;;;;;;;;es;False
2023-03-26 11:41:21+00:00;1639955695641526274;RT @Kastro44_: https://t.co/oQacRvwWtO;Twitter for Android;False;;;;;;;;und;False
2023-03-26 11:41:06+00:00;1639955632793976832;RT @ruggyscruggy: ‚ÄúGoodbye Lois, Peter‚Ä¶..And yes, even you too Brian.‚Äù https://t.co/gCTlFCkJtP;Twitter for Android;False;;;;;;;;en;False
2023-03-26 11:40:19+00:00;1639955438023200768;RT @parkenharbor: WHOS GONNA TELL THIS GIRL HER HUSBAND WANTS TO NAME THEIR KIDS AFTER ELDEN RING BOSSES LOOOOOOOOOOOOL https://t.co/4z16sm‚Ä¶;Twitter for Android;False;;;;;;;;en;False
2023-03-26 10:55:54+00:00;1639944257493450754;RT @Roldier: Risto Mejide cimienta su carrera durante a√±os en Telecinco meti√©ndose con todo el mundo, ganando dinero a base a insultar, men‚Ä¶;Twitter Web App;False;;;;;;;;es;False
2023-03-26 10:46:32+00:00;1639941902614028288;RT @follacamiones24: Aqu√≠ donde los veis est√°n haciendo cosplay de la serie Bob esponja, el colega es Calamardo cuando se daba una ostia en‚Ä¶;Twitter Web App;False;;;;;;;;es;False
2023-03-26 09:26:06+00:00;1639921661288804353;RT @danieldc1000: ü•∫ https://t.co/XHOJ6QQKsm;Twitter Web App;False;;;;;;;;und;False
2023-03-26 09:20:29+00:00;1639920247292538880;RT @ImErrebe: estoy absolutamente llorando https://t.co/KthVIWvMRQ;Twitter Web App;False;;;;;;;;es;False
2023-03-26 09:14:57+00:00;1639918855291117569;RT @albertodltrrr: https://t.co/158O2VhTOS;Twitter Web App;False;;;;;;;;und;False
2023-03-26 08:23:59+00:00;1639906028199333889;RT @adiplotti: Me estoy acordando de que en BoJack Horseman, Mr. Peanutbutter ten√≠a un matrimonio tras otro con mujeres m√°s j√≥venes que ter‚Ä¶;Twitter Web App;False;;;;;;;;es;False
2023-03-26 08:22:00+00:00;1639905527411924992;RT @LilNasX: this is not fair youre comparing a legend who has changed music forever to 50 cent;Twitter Web App;False;;;;;;;;en;False
2023-03-26 08:21:32+00:00;1639905410466365440;RT @AquiNoEstaPatt: GRACIAS LAURA ESCANES https://t.co/zOCwStsHHr;Twitter Web App;False;;;;;;;;es;False
2023-03-25 23:13:35+00:00;1639767514312761346;RT @ShitpostGate: https://t.co/TR7YuaXMpI;Twitter for Android;False;;;;;;;;und;False
2023-03-25 21:12:47+00:00;1639737116052672517;RT @DonSoriano_: Yo ya lo ven√≠a avisando desde hace tiempo https://t.co/pEusTV36bt;Twitter Web App;False;;;;;;;;es;False
2023-03-25 21:11:26+00:00;1639736776234287109;RT @ImMiichi: De las pel√≠culas m√°s infravaloradas de Disney. Y no lo entiendo porque es un pelicul√≥n, de verdad. ‚ô• https://t.co/gmTFP5WvRL;Twitter Web App;False;;;;;;;;es;False
2023-03-25 20:15:53+00:00;1639722795738210304;RT @pizzaparacenar: https://t.co/izpCYR1aMw;Twitter Web App;False;;;;;;;;und;False
2023-03-25 20:14:49+00:00;1639722527357280262;@Asefron29 Tu por lo menos puedes si quieres xd;Twitter Web App;False;1639722448567271424;1264717740;Asefron29;;;;;es;False
2023-03-25 18:30:52+00:00;1639696367076401153;@RyuujiEVA01 JAJAJA;Twitter for Android;False;1639695536189054977;482138893;RyuujiEVA01;;;;;es;False
2023-03-25 18:30:45+00:00;1639696337892417537;RT @RyuujiEVA01: @FranchoStaphPlz La ant√≠tesis del lol. Corrector que cojones;Twitter for Android;False;;;;;;;;es;False
2023-03-25 18:23:17+00:00;1639694459800526849;RT @juancarloespana: https://t.co/ROKlOBdgWh;Twitter for Android;False;;;;;;;;und;False
2023-03-25 18:22:12+00:00;1639694184217993217;RT @JongoCervantes: Los j√≥venes prefieren segunda mano Los j√≥venes no compran vivienda Los j√≥venes no quieren coche Los j√≥venes prefieren q‚Ä¶;Twitter for Android;False;;;;;;;;es;False
2023-03-25 18:17:21+00:00;1639692963214241794;Como echo de menos jugar al voley;Twitter for Android;False;;;;;;;;es;False
2023-03-25 12:38:07+00:00;1639607593290039297;RT @AquiNoEstaPatt: Pues nada https://t.co/1TOyPXhAco;Twitter Web App;False;;;;;;;;es;False
2023-03-25 09:21:07+00:00;1639558017623511041;RT @EISuco: https://t.co/EIK6jZ7atS;Twitter Web App;False;;;;;;;;und;False
2023-03-25 09:20:44+00:00;1639557920441466880;"RT @NombreFalso1231: Es gracioso pero ASUSTA la cantidad de gente cuya vida consiste en ""ir tirando"" sin otro prop√≥sito que subsistir de un‚Ä¶";Twitter Web App;False;;;;;;;;es;False
2023-03-25 08:19:56+00:00;1639542620870307842;RT @forestminish: Game Boy Advance games had absolutely no right being this damn beautiful. https://t.co/4P5GatX7FX;Twitter Web App;False;;;;;;;;en;False
2023-03-25 08:11:47+00:00;1639540567771054085;RT @insultsrare: https://t.co/t4hTQXSaOL;Twitter Web App;False;;;;;;;;und;False
2023-03-25 07:25:12+00:00;1639528847468101632;RT @DenkiPunk: os caen bien vuestras parejas????;Twitter for Android;False;;;;;;;;es;False
2023-03-24 21:57:27+00:00;1639385967831183361;RT @MakeSouls: souls guy that has become one with the jelly;Twitter Web App;False;;;;;;;;en;False
2023-03-24 21:55:39+00:00;1639385513097326593;Hasta los cojones de mi novia sinceramente;Twitter Web App;False;;;;;;;;es;False
2023-03-24 20:02:52+00:00;1639357130644807702;RT @nikizmfr: Esto van a ser lo de los microgastos estos que nos comentaban en las noticias hace unos meses, lo de que nos tomamos muchos c‚Ä¶;Twitter Web App;False;;;;;;;;es;False
2023-03-24 20:01:13+00:00;1639356714297311232;RT @Abellcymeg: https://t.co/8NvR0BEkRD;Twitter Web App;False;;;;;;;;und;False
2023-03-24 20:00:38+00:00;1639356567941160960;@rchkye El profe del Dogtorado;Twitter Web App;False;1639316225158266888;1854379698;rchkye;;;;;es;False
2023-03-24 19:58:34+00:00;1639356049856552962;RT @SenorMayorInt: Holy shit Lois https://t.co/ymHaMNAElz;Twitter Web App;False;;;;;;;;en;False
2023-03-24 19:56:15+00:00;1639355464268800036;RT @ElDelJetpack: Recordemos que al principio Elon Musk lo vend√≠a como un s√≠mbolo de estatus porque ibas a tener en tu cuenta el mismo simb‚Ä¶;Twitter Web App;False;;;;;;;;es;False
2023-03-24 18:16:59+00:00;1639330484554440704;RT @SrLuchoPortuano: https://t.co/xMqFou4rjo;Twitter for Android;False;;;;;;;;und;False
2023-03-24 16:29:16+00:00;1639303375173959680;RT @chalkycandy: how can I ‚†á‚†ï‚†é‚†ë if I‚Äôm already ‚†â‚†ì ‚†ï‚†é‚†ë? like‚Ä¶;Twitter Web App;False;;;;;;;;en;False
2023-03-24 15:59:03+00:00;1639295771567685632;RT @PinjuShiny: Igual pensaron que pasar√≠a y me olvidar√≠a del m√≥vil pero se encontraron con la tipa m√°s pesada que ha pisado el planeta Tie‚Ä¶;Twitter for Android;False;;;;;;;;es;False
2023-03-24 15:46:39+00:00;1639292651752005634;RT @DaftHero: 2023: valve saca counter strike 2 y nos permite por primera vez ver nuestros zapatos  2025: valve introduce un nuevo cosm√©tic‚Ä¶;Twitter for Android;False;;;;;;;;es;False
2023-03-24 15:34:26+00:00;1639289577423659011;RT @ayyalmulmao: Se la ha comido, se ha comido la naranja del √°rbol https://t.co/WmnZ90k9DS;Twitter for Android;False;;;;;;;;es;False
2023-03-24 15:22:42+00:00;1639286623836729355;RT @SRetornado: https://t.co/fzQ4PSFCTc;Twitter for Android;False;;;;;;;;und;False
2023-03-24 15:20:39+00:00;1639286110021926914;RT @ruvenconv: Me toca much√≠simo los cojones, no ten√©is ni puta idea de lo que es no tener fuerzas ni para levantaros de la cama, ni para d‚Ä¶;Twitter for Android;False;;;;;;;;es;False
2023-03-24 15:20:10+00:00;1639285985820266497;RT @Phil_Lewis_: A Florida state representative reads  ‚ÄúAnita Dick‚Äù and ‚ÄúHolden Hiscock‚Äù into the record https://t.co/aMtpLQpot6;Twitter for Android;False;;;;;;;;en;False
2023-03-24 15:03:10+00:00;1639281708502482948;RT @brooklyn99: Terry says cheers to the weekend! ü•É Slam that laptop shut until Monday. https://t.co/siufF6orD3;Twitter for Android;False;;;;;;;;en;False
2023-03-24 14:57:08+00:00;1639280190848131073;RT @haxart1: hola!!!!  un amigo y yo estamos buscando actores para rodar nuestro tfg en abril en madrid!!!! si podeis darle un rt para que‚Ä¶;Twitter for Android;False;;;;;;;;es;False
2023-03-24 14:45:36+00:00;1639277286804320265;RT @Klkautsky1: El PP se buf√≥ 65.000.000.000 de euros de la hucha de las pensiones en SOLO 4 A√ëITOS entre putas, farlopa y abogados.  La Ir‚Ä¶;Twitter for Android;False;;;;;;;;es;False
2023-03-24 14:44:41+00:00;1639277057791217669;RT @laelihacheele: cuando ves a un amigx y est√° con un grupo de gente se deber√≠a de normalizar saludar solo a tu amigx como tal (abrazo, do‚Ä¶;Twitter for Android;False;;;;;;;;es;False
2023-03-24 14:43:32+00:00;1639276767000121344;RT @InasMaster: https://t.co/zjN7ZgBa1g;Twitter for Android;False;;;;;;;;und;False
2023-03-24 13:35:22+00:00;1639259613353607169;RT @TitoOeH: @FranchoStaphPlz acabas antes;Twitter for Android;False;;;;;;;;pt;False
2023-03-24 12:12:02+00:00;1639238640416215045;SOY YO https://t.co/mAi5HSc2Xu;Twitter Web App;False;;;;;;;;es;False
2023-03-24 09:16:52+00:00;1639194559438630912;RT @sweetlemondream: reminds me of this beautiful moment https://t.co/tYxEGLWdUM;Twitter Web App;False;;;;;;;;en;False
2023-03-24 08:30:32+00:00;1639182898548084736;@carcellerW Asi es, me pone negroxd;Twitter Web App;False;1639182410452459520;2906446330;carcellerW;;;;;es;False
2023-03-24 08:27:31+00:00;1639182140398002177;@carcellerW Mi padre se dedica a poner todos los dias ( o hacer que la ponga yo ) la romba en cada sala de mi casa,‚Ä¶ https://t.co/IUE6jeenND;Twitter Web App;True;1639181902098866176;2906446330;carcellerW;;;;;es;False
2023-03-24 08:21:05+00:00;1639180520201281536;Cual es el punto de comprarse una roomba y ponerla todos los d√≠as en todos los sitios de la casa de forma manual te‚Ä¶ https://t.co/d6U1bCw4nd;Twitter Web App;True;;;;;;;;es;False
2023-03-23 22:23:51+00:00;1639030223436906498;RT @epicdndmemes: #dnd #ttrpg https://t.co/EMyZmLpFDb;Twitter for Android;False;;;;;;;;und;False
2023-03-23 22:19:20+00:00;1639029086293983232;Definitivamente Life is a bulgarian and you are an unstolen car;Twitter for Android;False;;;;;;;;en;False
2023-03-23 21:09:18+00:00;1639011460738170880;RT @drvnnk: Foto de la sospechosa https://t.co/6M5i91VUOQ;Twitter for Android;False;;;;;;;;es;False
2023-03-23 20:04:29+00:00;1638995149056364566;@J4ckY_CSGO Me duele m√°s cuando guts despierta tras el eclipse;Twitter for Android;False;1638995013462904845;2904196863;J4ckY_CSGO;;;;;es;False
2023-03-23 20:02:02+00:00;1638994531453489185;La escena en la que al rescatar a Griffith este intenta ahogar a Guts con las nulas fuerzas que tiene y Guts simple‚Ä¶ https://t.co/Jb9V3lrAaJ;Twitter for Android;True;;;;;;;;es;False
2023-03-23 18:43:20+00:00;1638974726155665408;Yo cuando no habl√© con mi mejor amiga durante un a√±o y casi que ni me di cuenta  Lo siento Yas tkm https://t.co/15ogd6WAQW;Twitter Web App;False;;;;;;;;es;False
2023-03-23 16:31:44+00:00;1638941608308604928;RT @biosbard0: Notas del parche Marzo de 2023:  -el ciclo del agua ahora es de rojos y maricones;Twitter for Android;False;;;;;;;;es;False
2023-03-23 12:13:17+00:00;1638876567668420610;RT @DarkHeroCC: Fatalis lore memes are the best Monster Hunter memes. Change my mind https://t.co/gWhke0buR8;Twitter Web App;False;;;;;;;;en;False
2023-03-23 10:56:06+00:00;1638857144760975363;RT @Rayve_777: https://t.co/lcrRV1P2Ms;Twitter for Android;False;;;;;;;;und;False
2023-03-23 10:55:38+00:00;1638857026452307971;RT @TomTaylorMade: Superman is a refugee who chose to be a journalist to champion truth and justice. In his very 1st appearance, he broke d‚Ä¶;Twitter for Android;False;;;;;;;;en;False
2023-03-23 09:56:29+00:00;1638842141471326214;RT @pxxxblo: https://t.co/gDnJ7CVaf8;Twitter for Android;False;;;;;;;;und;False
2023-03-23 09:56:11+00:00;1638842067433537541;RT @TheRightSideTL: En este v√≠deo salen 3 muy posibles violadores y una pedazo de t√≠a;Twitter for Android;False;;;;;;;;es;False
2023-03-23 09:44:38+00:00;1638839158197157888;Una mujer https://t.co/RO16x6nyE4;Twitter for Android;False;;;;;;;;es;False
2023-03-23 09:18:59+00:00;1638832704870293504;RT @nanomakinas: Es flipante c√≥mo le dices a alguien que fuma tabaco que es malo y te admitir√° con total sinceridad que s√≠ y que se est√° jo‚Ä¶;Twitter for Android;False;;;;;;;;es;False
2023-03-23 06:55:42+00:00;1638796644601720832;@AquiNoEstaPatt TE GUSTA BABI  Mujer de cultura;Twitter Web App;False;1638679161970610178;1257765880768987136;AquiNoEstaPatt;;;;;es;False
2023-03-23 06:54:52+00:00;1638796437927387136;RT @realMax0r: Next video I‚Äôm going to do 10 push-ups every time I get distracted by a YouTube video while editing;Twitter Web App;False;;;;;;;;en;False
2023-03-22 20:23:03+00:00;1638637435465740289;RT @AquiNoEstaPatt: Igual no quiero hablar *en ese momento* üò≠üò≠üò≠üò≠üò≠üò≠ O no quiero o no puedo o prefiero hacer 8 millones de cosas y no signifi‚Ä¶;Twitter for Android;False;;;;;;;;es;False
2023-03-22 16:14:06+00:00;1638574786006622208;RT @shitpene: https://t.co/JxoPJxhxF5;Twitter Web App;False;;;;;;;;und;False
2023-03-22 12:37:08+00:00;1638520182455894016;RT @aleksioj_uwu: todo internet al descubrir esta informaci√≥n: https://t.co/vtmlLnOW6C;Twitter for Android;False;;;;;;;;es;False
2023-03-22 12:01:21+00:00;1638511175984881667;RT @Ewinor: ¬°Ladr√≥n de chochos suelto por Sevilla!  Se ruega extremen las precauciones.;Twitter Web App;False;;;;;;;;es;False
2023-03-22 09:45:40+00:00;1638477032731422720;RT @RyuujiEVA01: @FranchoStaphPlz Nos vemos en la c√°rcel bro;Twitter Web App;False;;;;;;;;es;False
2023-03-22 09:32:08+00:00;1638473626163859462;RT @aorrihtos: Hoy tiene pinta de que va a ser una ma√±ana de mierda;Twitter Web App;False;;;;;;;;es;False
2023-03-22 09:32:02+00:00;1638473600280715265;Bombardeen torremolinos https://t.co/0KHEqMEhrj;Twitter Web App;False;;;;;;;;es;False
2023-03-22 07:07:08+00:00;1638437134972465152;RT @Hi_Im_Vrola: https://t.co/MFudlJJq2X;Twitter Web App;False;;;;;;;;und;False
2023-03-22 07:06:01+00:00;1638436856055595008;RT @saltydkdan: LMAO DON'T GIVE AN ANIME GIRL YOUR SOCIAL SECURITY NUMBER;Twitter Web App;False;;;;;;;;en;False
2023-03-21 22:05:38+00:00;1638300862370947073;RT @AquiNoEstaPatt: Efectivamente, bajo ning√∫n concepto deber√≠an si no estoy yo para poder mirar.;Twitter for Android;False;;;;;;;;es;False
2023-03-21 21:09:24+00:00;1638286713129779202;RT @carcellerW: @FranchoStaphPlz Yo soy filemon bro;Twitter Web App;False;;;;;;;;es;False
2023-03-21 20:58:31+00:00;1638283973750140929;De hecho yo soy Guts de berserk https://t.co/NjRF79BUKO https://t.co/wTZowzCUrY;Twitter Web App;False;;;;;;;;es;False
2023-03-21 17:25:09+00:00;1638230278610067456;@Shady_Abyss Mira que pod√≠as hacer cosas... pero una ranked..... Me has decepcionado Chudy;Twitter for Android;False;1638220807720542219;276911174;Shady_Abyss;;;;;es;False
2023-03-21 17:24:43+00:00;1638230168459157521;RT @JavierSalcedo98: El llamar hijos de papi y mami a personas que han tenido padres econ√≥micamente responsables y exitosos, es una expresi‚Ä¶;Twitter for Android;False;;;;;;;;es;False
2023-03-21 17:24:23+00:00;1638230084094926861;RT @Peeverson: One of the best examples of Bloodshade coordination in Dark Souls 3.  And we're doing that shit again in Elden Ring as Assas‚Ä¶;Twitter for Android;False;;;;;;;;en;False
2023-03-21 17:23:18+00:00;1638229810445950978;RT @Lillyfilacta_TO: EVERY SINGLE BILL CLINTON KID APPEARENCE  A THREAD https://t.co/wyw841H1Pn;Twitter for Android;False;;;;;;;;en;False
2023-03-21 16:02:42+00:00;1638209529061015552;RT @Wihtiko_: S√≠, es un horno. Que consume menos electricidad, porque es m√°s peque√±o y no requiere tanto tiempo, y que es m√°s f√°cil de limp‚Ä¶;Twitter for Android;False;;;;;;;;es;False
2023-03-21 15:36:54+00:00;1638203036475457536;RT @DrippySoap: boring ahh moci√≥n de censura ü§¶ https://t.co/T3ws6CX30g;Twitter for Android;False;;;;;;;;es;False
2023-03-21 15:36:34+00:00;1638202951310163970;RT @alexvinuesa22: Hoy vengo a contaros la gran actuaci√≥n de un camarero compinch√°ndose con mi padre para dar una de las mayores masterclas‚Ä¶;Twitter for Android;False;;;;;;;;es;False
2023-03-21 14:44:42+00:00;1638189896929009664;RT @Choconotewayas: @FranchoStaphPlz o pegarme un pu√±etazo;Twitter for Android;False;;;;;;;;es;False
2023-03-21 14:44:04+00:00;1638189739550339074;@Choconotewayas Al√©grate que su intrusive thought era s√≥lo gritar no y no comerse a un reci√©n nacido;Twitter for Android;False;1638179233905225728;1055409950;Choconotewayas;;;;;es;False
2023-03-21 12:54:15+00:00;1638162101582675970;RT @EISuco: https://t.co/NqdvPvL004;Twitter Web App;False;;;;;;;;und;False
2023-03-21 11:06:18+00:00;1638134937906737155;"RT @Choconotewayas: no puedo mirar Asco de vida en clase porque me salen anuncios de t√≠as moviendo el culo ;(";Twitter Web App;False;;;;;;;;es;False
2023-03-21 10:43:45+00:00;1638129261633519617;RT @Memakker: https://t.co/U2Ob2IpMgi;Twitter for Android;False;;;;;;;;und;False
2023-03-21 10:43:24+00:00;1638129174001905665;RT @kansaita_: hay que hablar de lo duro que es ser adulto y no tener un grupo de amigos estable con el que socializar porque solo tienes 2‚Ä¶;Twitter for Android;False;;;;;;;;es;False
2023-03-21 10:43:20+00:00;1638129156725657601;RT @AquiNoEstaPatt: C√≥mo que duro;Twitter for Android;False;;;;;;;;es;False
2023-03-21 10:42:07+00:00;1638128851187388418;RT @carcellerW: @FranchoStaphPlz No termino de encajar linkedin como red social pq para mi es como algo para buscar curro y au pero siempre‚Ä¶;Twitter for Android;False;;;;;;;;es;False
2023-03-21 09:25:26+00:00;1638109553123262464;RT @BadSprite: please consider watching mob :) https://t.co/PiKceSzM0T;Twitter Web App;False;;;;;;;;en;False
2023-03-21 09:02:40+00:00;1638103823079157760;Un se√±or me acaba de hacer spam de su canal de youtube por linkedin WTF;Twitter Web App;False;;;;;;;;es;False
2023-03-21 08:56:03+00:00;1638102158926069760;RT @MakeSouls: souls guy that studies the bonk;Twitter Web App;False;;;;;;;;en;False
2023-03-20 19:41:36+00:00;1637902228936589312;@Shady_Abyss Intento no pensar, simplemente actu√≥ y au. Luego estoy triste pero por lo menos he pasado otro d√≠a;Twitter for Android;False;1637895025970249728;276911174;Shady_Abyss;;;;;es;False
2023-03-20 17:28:45+00:00;1637868795128602642;RT @ZeddyHS: Honestly so sick of Rogue card design just being around mana cheat, scamming, and OTKing. It used to be one of my favorite cla‚Ä¶;Twitter for Android;False;;;;;;;;en;False
2023-03-20 16:55:25+00:00;1637860404893212675;RT @Lilartoni: salgo del curro y lo primero que veo es alguien diciendo tener la propiedad intelectual de los pepes pues bueno;Twitter for Android;False;;;;;;;;es;False
2023-03-20 16:54:23+00:00;1637860148101218309;RT @kansaita_: el tweet es m√°s anticonceptivo que los condones es impresionante;Twitter for Android;False;;;;;;;;es;False
2023-03-20 16:51:50+00:00;1637859506100002822;RT @KizuRiley: I will never forgive demon slayer for tricking anime fans into thinking bright flashing lights mean good animation;Twitter for Android;False;;;;;;;;en;False
2023-03-20 16:51:38+00:00;1637859456066150416;RT @HiAitor: Las funas en internet son siempre as√≠: Las mujeres se quedan sin curros y sin eventos mientras a los chavales les vuelven a in‚Ä¶;Twitter for Android;False;;;;;;;;es;False
2023-03-20 16:50:34+00:00;1637859185688731657;RT @victor_hurtado: Lo mismo Aitana se enfada y se frustra porque no hay quien se concentre y aprenda con putos periodistas acos√°ndote hast‚Ä¶;Twitter for Android;False;;;;;;;;es;False
2023-03-20 16:45:00+00:00;1637857783893614593;RT @Only_MEGA1: Je suis mooorrt il a eu des flashbacks https://t.co/7iUcZ7C2tv;Twitter for Android;False;;;;;;;;fr;False
2023-03-20 16:38:28+00:00;1637856139739111424;RT @xX_dogie_Xx: literally every Undertale fandub i‚Äôve ever watched is like this https://t.co/TUAI91BlS9;Twitter for Android;False;;;;;;;;en;False
2023-03-20 16:37:20+00:00;1637855853867941888;RT @DonSoriano_: https://t.co/CRNVSMlX1C;Twitter for Android;False;;;;;;;;und;False
2023-03-20 16:36:54+00:00;1637855744383938560;RT @cowlonfull: Been laughing about this for about 5 consecutive minutes https://t.co/QzqI1LgndL;Twitter for Android;False;;;;;;;;en;False
2023-03-20 16:06:51+00:00;1637848183807066114;RT @EISuco: ESTOY PEGANDO VOLTERETAS;Twitter Web App;False;;;;;;;;es;False
2023-03-20 14:18:12+00:00;1637820843118977026;"RT @narvalsincuerno: ""yo estar√≠a en el lado buena d la historia"" mfs cuando ven el texto m√°s s√°dico posible acompa√±ado d im√°genes q parecen‚Ä¶";Twitter Web App;False;;;;;;;;es;False
2023-03-20 14:17:56+00:00;1637820775070863360;RT @Choconotewayas: @mansa_net yassified;Twitter Web App;False;;;;;;;;en;False
2023-03-20 14:13:45+00:00;1637819721268580352;RT @EISuco: https://t.co/1Mkd6VSFcY;Twitter Web App;False;;;;;;;;und;False
