Id;Dia;UserId;Texto;Puntuacion;Animo
0;2023-03-28;franchostaphplz;RT @polloswaglord: i cry every time https://t.co/9TPWxKqZq9;-0.4767;Negative
1;2023-03-28;franchostaphplz;RT @popkoni: I LOVE TEARS OF THE KINGDOM https://t.co/MEFogzh9Zt;0.5106;Positive
2;2023-03-28;franchostaphplz;RT @BitchAssBowie: https://t.co/OUe8kwL0i3;0.0;Neutral
3;2023-03-28;franchostaphplz;RT @azsan18: Couple goals;0.0;Neutral
4;2023-03-28;franchostaphplz;@siebaa__ @DiianaLadron Has entendido algo de lo que he dicho? Xd;0.5859;Positive
5;2023-03-28;franchostaphplz;@siebaa__ @DiianaLadron Que?;0.0;Neutral
6;2023-03-28;franchostaphplz;RT @JustinWhang: Why‚Äôd they crush his balls https://t.co/51VZNW3VTr;-0.1531;Negative
7;2023-03-28;franchostaphplz;RT @capuchaspuestas: marca distancia larga y aprovecha la inercia del nota hacia alante  para golpear al ment√≥n mientras pivota fuera de su‚Ä¶;0.0;Neutral
8;2023-03-28;franchostaphplz;RT @plasticbeachboy: SCP - 8563 https://t.co/mWJZQOGsFs;0.0;Neutral
9;2023-03-28;franchostaphplz;RT @KenkenIsTaken: https://t.co/ylW3YQ0LFa;0.0;Neutral
10;2023-03-28;franchostaphplz;RT @tipodincognit: gays ü§ù senyores majors;0.0;Neutral
11;2023-03-28;franchostaphplz;RT @ShitpostGate: https://t.co/Qn1tiMrCj6;0.0;Neutral
12;2023-03-28;franchostaphplz;@DiianaLadron en su casa casi la mitad de su sueldo, y as√≠ no se va a poder ir de ah√≠ nunca, no se puede salir de una casa as√≠;-0.5267;Negative
13;2023-03-28;franchostaphplz;@DiianaLadron No entiendes de lo que est√° hablando, no es que necesiten dinero tus padres es que te lo exigen por v‚Ä¶ https://t.co/NQvUt7atIY;-0.5267;Negative
14;2023-03-28;franchostaphplz;RT @_Baby_Bunbun_: No entiendo a la gente que le molesta el pasado sexual de su pareja (incluyo a mi ex) tipo, si est√° contigo le gusta hac‚Ä¶;-0.296;Negative
15;2023-03-28;franchostaphplz;RT @Memakker: https://t.co/883HguTmmh;0.0;Neutral
16;2023-03-28;franchostaphplz;RT @PhilJamesson: weird https://t.co/Sat7Q6FkYE;-0.1779;Negative
17;2023-03-28;franchostaphplz;RT @Memakker: https://t.co/XDx3uy9YqG;0.0;Neutral
18;2023-03-28;franchostaphplz;RT @WholesomeMeme: https://t.co/VmeS4GrK8b;0.0;Neutral
19;2023-03-28;franchostaphplz;RT @jojorium: a ver q yo me entere dec√≠ais q la gente gorda deber√≠a promover h√°bitos saludables, pero si lo hacen tambi√©n os quej√°is ??? no‚Ä¶;0.0;Neutral
20;2023-03-28;franchostaphplz;RT @UberDanger: I'm way too sensitive for Twitter man üò≠üò≠üò≠ a couple people called me irrelevant and it's way too true I wasn't ready to hear‚Ä¶;-0.8229;Negative
21;2023-03-28;franchostaphplz;RT @morciIla: Las aceitunas son las chuches de la naturaleza;0.0;Neutral
22;2023-03-28;franchostaphplz;@carcellerW tuister;0.0;Neutral
23;2023-03-28;franchostaphplz;"RT @kansaita_: la actitud de la chica es de ser gilipollas pero que tu vayas a otro tio a decirle ""controlala mejor"" como si fuese un perro‚Ä¶";0.0;Neutral
24;2023-03-28;franchostaphplz;RT @OrdinaryGamers: bro why was he looking at it for so long tho;0.0;Neutral
25;2023-03-28;franchostaphplz;RT @ask_aubry: The fact that none of the dudes in the comments fail to realize is that being lonely is still a major step above than being‚Ä¶;-0.7184;Negative
26;2023-03-28;franchostaphplz;@carcellerW multilistbot;0.0;Neutral
27;2023-03-28;franchostaphplz;RT @carcellerW: Y no veng√°is a hablarle de pan al panadero que ya se que hay otras formas de hacer bots de Twitter, que este pavo es subnor‚Ä¶;-0.296;Negative
28;2023-03-28;franchostaphplz;RT @carcellerW: Este hombre dice que ya no van a salir cuentas no verificadas para acabar con los bots, sin embargo la API de Twitter hasta‚Ä¶;-0.7906;Negative
29;2023-03-28;franchostaphplz;RT @TBeetleboy: Ojal√° ser cayetano para tener la estabilidad mental y social que esta gente maneja, todo les pasa por encima, no estan chro‚Ä¶;-0.296;Negative
30;2023-03-28;franchostaphplz;@carcellerW How tw esta rebelde;0.0;Neutral
31;2023-03-28;franchostaphplz;RT @carcellerW: @FranchoStaphPlz Que cojones nano;0.0;Neutral
32;2023-03-28;franchostaphplz;RT @pablomurrrr: a dos tweets de que los petardos de twitter macarrones hagan un juicio r√°pido y le quiten la custodia a Piqu√©;0.0;Neutral
33;2023-03-28;franchostaphplz;El d√≠a que toques una teta lo vas a flipar https://t.co/cCmMez7OQH;0.0;Neutral
34;2023-03-28;franchostaphplz;RT @DrippySoap: alg√∫n d√≠a os postrar√©is ante las puertas del Reino de los Cielos y San Pedro os pedir√° explicaciones por tweets como estos;0.0;Neutral
35;2023-03-28;franchostaphplz;RT @diaphonous_doll: i keep watching this i cant deal with her backdashing;0.0;Neutral
36;2023-03-28;franchostaphplz;"RT @selpideeeeeeeee: ""mira c√≥mo esta tecnolog√≠a roba toda la parte humana de (disciplina art√≠stica cuya finalidad original era establecer v‚Ä¶";0.3182;Positive
37;2023-03-28;franchostaphplz;RT @Jargon_Scott: I hope somebody gets this one https://t.co/lna4MNdoDm;0.4404;Positive
38;2023-03-28;franchostaphplz;RT @azsan18: Anyways no es un poco ir√≥nico que yo saliese en un reportaje de la sexta sobre el d√≠a de la felicidad??? I mean miradme https:‚Ä¶;-0.4098;Negative
39;2023-03-27;franchostaphplz;RT @p3rr0t0rtug4: ¬øSab√≠as que...? Un grupo de surgeones ha conseguido hacer la primera surger√≠a exitosa en un grapo https://t.co/LYA6NjCg2Z;0.34;Positive
40;2023-03-27;franchostaphplz;https://t.co/CiYUCxsvh6 https://t.co/ZxtCPvBCaI;0.0;Neutral
41;2023-03-27;franchostaphplz;Me https://t.co/MB73qp36dV;0.0;Neutral
42;2023-03-27;franchostaphplz;RT @stinkykatie: https://t.co/fZmx1C69hK;0.0;Neutral
43;2023-03-27;franchostaphplz;RT @NLGroovy: https://t.co/hzqte4U2pl;0.0;Neutral
44;2023-03-27;franchostaphplz;@RyuujiEVA01 Fran guapo me meo;0.0;Neutral
45;2023-03-27;franchostaphplz;@Juanitoalvareez Si t√≠o, esque hago remo y parezco popeye;0.296;Positive
46;2023-03-27;franchostaphplz;RT @Juanitoalvareez: @FranchoStaphPlz Te van a cambiar la vida jajajaha;0.0;Neutral
47;2023-03-27;franchostaphplz;RT @RyuujiEVA01: @FranchoStaphPlz El pive: Estos 50 euros son tuyos??  Yo en el avi√≥n de camino a Puerto Rico: https://t.co/diFCnfklEn;0.0;Neutral
48;2023-03-27;franchostaphplz;RT @sommiewav: https://t.co/UDcXUyWhVL;0.0;Neutral
49;2023-03-27;franchostaphplz;RT @paulaminguezzz: necesito saber si esto es humor es m√°s necesito que lo sea por favor;0.5859;Positive
50;2023-03-27;franchostaphplz;RT @p3rr0t0rtug4: Twitter macarrones est√° a dos tweets de inventar el darwinismo social;0.0;Neutral
51;2023-03-27;franchostaphplz;RT @JackQuaid92: ü¶ñI mean, I‚Äôm no paleontologist but‚Ä¶;-0.296;Negative
52;2023-03-27;franchostaphplz;RT @RespectfulMemes: https://t.co/ddhTODNF5v;0.0;Neutral
53;2023-03-27;franchostaphplz;RT @AquiNoEstaPatt: Disfrutando de maincraft como una ni√±a peque√±a pillando ajolotes y pececitos y teniendo una casa de mierda pero pasando‚Ä¶;0.0;Neutral
54;2023-03-27;franchostaphplz;RT @darksoulstoilet: wtf are u doin miriel   eldenringtoilet remastered today https://t.co/qdXdWleEj0;-0.5859;Negative
55;2023-03-27;franchostaphplz;RT @SuperG4lleta: Streammmmm  https://t.co/21vfeycOKO https://t.co/7iaWA4wva4;0.0;Neutral
56;2023-03-27;franchostaphplz;Necesito unos straps ya, tengo los antebrazos como patatas despu√©s de hacer remo;0.0;Neutral
57;2023-03-27;franchostaphplz;Poned Elon Musk mina de esmeralda y os sale una foto de ia s√∫per chula https://t.co/V2qlmT4kXR;0.0;Neutral
58;2023-03-27;franchostaphplz;"RT @ZenyouX: Fighting Steve is like being in an argument with someone and after every excellent point you make they respond with ""that's wh‚Ä¶";0.296;Positive
59;2023-03-27;franchostaphplz;RT @soytrussy: bueno ya me han pasado mi horario de esta semana asi que dejo de ser oficialmente un parasito social y entro en el mundo lab‚Ä¶;0.0;Neutral
60;2023-03-27;franchostaphplz;RT @katieluxe: Power Wash Simulator is a great example of why you should hire a writer for your game, even if you think your concept ‚Äúisn‚Äôt‚Ä¶;0.6249;Positive
61;2023-03-27;franchostaphplz;RT @ElFuns: TU PUTER MOTHER ü§£ü§£ü§£ü§£ü§£ü§£;0.9595;Positive
62;2023-03-27;franchostaphplz;RT @Akmaiaskia: Qu√© risa cuando inevitablemente el chat diga algo problem√°tico cancelable y no puedan pararlo;-0.296;Negative
63;2023-03-27;franchostaphplz;RT @Giorgerepe: rollo, el 99,99% de metaleros salen de fiesta y se la pela escuchar la sesion de bizarrap macarrones con tomatico, pero pon‚Ä¶;0.4767;Positive
64;2023-03-27;franchostaphplz;RT @Giorgerepe: hace 20 a√±os os compraba esto pero ahora son mas pesados y cerrados de mente la pe√±a que solo escucha el top 50 de Espa√±a q‚Ä¶;0.2023;Positive
65;2023-03-27;franchostaphplz;RT @ZeddyHS: Mukla is back, and this time he's really bananas. https://t.co/VadfENpgU9;0.0;Neutral
66;2023-03-27;franchostaphplz;RT @bagenzo: had a revelation and realized these are doing the same thing https://t.co/sbShqwC3Yj;0.0;Neutral
67;2023-03-27;franchostaphplz;RT @HacheInTheWild: https://t.co/SW9zmCBII7;0.0;Neutral
68;2023-03-27;franchostaphplz;RT @sigmascoping: Los streamers se cansaron de hacer lo mismo los mismos todo el rato y decidieron automatizarlo para poder hacer m√°s de lo‚Ä¶;0.0;Neutral
69;2023-03-27;franchostaphplz;RT @Asefron29: @FranchoStaphPlz Tambi√©n te digo, aparenta fingidisimo;0.0;Neutral
70;2023-03-27;franchostaphplz;RT @SoyMmadrigal: Lo dije https://t.co/6p9B0BFEnz;0.0;Neutral
71;2023-03-27;franchostaphplz;RT @_arbmeis_: ¬øSab√©is esa sensaci√≥n de estar en un sitio pero no estar? Es decir, f√≠sicamente estar pero tener la cabeza en cualquier otro‚Ä¶;-0.296;Negative
72;2023-03-27;franchostaphplz;RT @Memakker: https://t.co/DU1Dlm8MZq;0.0;Neutral
73;2023-03-27;franchostaphplz;RT @elemarc001: el neoliberal menos desclasado dispuesto a trabajar hasta los 85 a√±os con tal de no ver a gente con un tono diferente de pi‚Ä¶;-0.296;Negative
74;2023-03-27;franchostaphplz;RT @SlowEstus: Best part of the game awards are the sales üòé https://t.co/1GDDFPyPjZ;0.8807;Positive
75;2023-03-27;franchostaphplz;RT @ellorysmith: Larry David wrote Seinfeld while living in subsidized housing for artists. We used to do things just like this. Grants for‚Ä¶;0.561;Positive
76;2023-03-27;franchostaphplz;RT @matttwood: Someone needs to cosplay the default Unreal dude and just take pictures in normal places and post them.;0.0;Neutral
77;2023-03-27;franchostaphplz;RT @Alexxynada: @FranchoStaphPlz Same, que vengan a por mi por bobos;0.0;Neutral
78;2023-03-27;franchostaphplz;RT @Mylestring: Not to be that person, pero esto lo dice un t√≠o y tenemos claro que el discurso de la friendzone es una mierda, pero lo dic‚Ä¶;0.0;Neutral
79;2023-03-27;franchostaphplz;Una buena mesa que me hice el otro d√≠a la verdad https://t.co/rvvb8ujN94;0.0;Neutral
80;2023-03-27;franchostaphplz;Me pones 50 euros en la mano y me falta calle pa correr https://t.co/XnedZGGuDQ;0.0;Neutral
81;2023-03-27;franchostaphplz;RT @carcellerW: Gente ya no me quedan 3 telediarios me queda como medio voy avisando;-0.296;Negative
82;2023-03-27;franchostaphplz;RT @carcellerW: Me resulta extremadamente comico q haya sido poner esto y que todo vaya a peor;0.0;Neutral
83;2023-03-27;franchostaphplz;RT @HacheInTheWild: paco sanz es una puta bombaüòîü§òü•Ä;0.0772;Positive
84;2023-03-27;franchostaphplz;RT @magromiguel7: Lo de Ciudad de las artes y de las ciencias como sede del imperio es tan buena idea que no s√© c√≥mo no lo han hecho antes.;-0.5267;Negative
85;2023-03-27;franchostaphplz;RT @diegitol__: @princesita1331 https://t.co/Ro5XokelFv;0.0;Neutral
86;2023-03-27;franchostaphplz;RT @carcellerW: Hacer el master fue definitivamente una decision https://t.co/1Pa0JCWYtA;0.0;Neutral
87;2023-03-27;franchostaphplz;RT @H1TWOM4N: Just loaded Andrew Tate‚Äôs save https://t.co/FSz42ojNzy;0.4939;Positive
88;2023-03-27;franchostaphplz;RT @EPM106: I remember when this video dropped and people who‚Äôd never worked in any aspect of production went ‚ÄúHe shouldn‚Äôt be celebrated f‚Ä¶;0.5719;Positive
89;2023-03-27;franchostaphplz;RT @kiracantmizz: the PSP is way too good for its time wtf you mean it came out 18 years ago;-0.2263;Negative
90;2023-03-27;franchostaphplz;RT @xbafuu: mi madre: el pan no esta tan duro el putisimo pan: https://t.co/uVGYezv1Nr;-0.296;Negative
91;2023-03-26;franchostaphplz;RT @DinoDrawer: Estoy harta de que ve√°is la educaci√≥n como una formaci√≥n laboral. Que pens√©is que el instituto est√° para formar trabajadore‚Ä¶;0.0;Neutral
92;2023-03-26;franchostaphplz;RT @kansaita_: https://t.co/NCR69NDkWn;0.0;Neutral
93;2023-03-26;franchostaphplz;RT @ComicLoverMari: Defending Griffith is a huge red flag;0.3182;Positive
94;2023-03-26;franchostaphplz;Griffith sacrificed everything Just so he could be more powerful and become a god. Everything he did was just to ga‚Ä¶ https://t.co/GNPnOXWF8M;0.6361;Positive
95;2023-03-26;franchostaphplz;RT @Win98Tech: Bluzzard love their women warriors! Look up Blizzard Assualt Women for more information!;0.6988;Positive
96;2023-03-26;franchostaphplz;RT @tragicbirdapp: üò≠üò≠ https://t.co/b2VJ7LmxQm;-0.7351;Negative
97;2023-03-26;franchostaphplz;RT @L_No_One1: im hilarious https://t.co/q6u7cpYp8S;0.4019;Positive
98;2023-03-26;franchostaphplz;"RT @vaqu333: nadie:  illojuan ayer despu√©s de meterme un ratio solamente respondiendo ""y?"" https://t.co/qvlrU0Feae";0.0;Neutral
99;2023-03-26;franchostaphplz;RT @EvilAFM: @DaniboubeTV De hecho yo ni dejar√≠a grabar en el gym porque habr√° mucha gente inc√≥moda. Bastante duro es para algunas personas‚Ä¶;0.0;Neutral
100;2023-03-26;franchostaphplz;RT @DFB_POKKALSHEIS: im gonna fucking pass out crying why does it look like the cactuses are climbing him shadow of the colossus style http‚Ä¶;-0.2177;Negative
101;2023-03-26;franchostaphplz;RT @WholesomeMeme: https://t.co/AIdHTQNq5L;0.0;Neutral
102;2023-03-26;franchostaphplz;RT @LuisToxicity: me apuntar√≠a antes a un gym solo para joder los planos de grabaci√≥n de la pe√±a que se graba con el m√≥vil que por mi salud‚Ä¶;0.0;Neutral
103;2023-03-26;franchostaphplz;RT @LuisToxicity: mi sobrino de 7 a√±os viene a mi casa , viene corriendo a verme y me dice : tio tio... tienes algo que hacer el 5 de abril‚Ä¶;0.0;Neutral
104;2023-03-26;franchostaphplz;RT @maicoGq: la pedofilia: *existe*  sociedad: nO  risto: igualdad para los 40tones!¬°üòé  los chavales cuando les pasas tres porros liaos a 4‚Ä¶;0.2714;Positive
105;2023-03-26;franchostaphplz;RT @Kastro44_: https://t.co/oQacRvwWtO;0.0;Neutral
106;2023-03-26;franchostaphplz;RT @ruggyscruggy: ‚ÄúGoodbye Lois, Peter‚Ä¶..And yes, even you too Brian.‚Äù https://t.co/gCTlFCkJtP;0.4019;Positive
107;2023-03-26;franchostaphplz;RT @parkenharbor: WHOS GONNA TELL THIS GIRL HER HUSBAND WANTS TO NAME THEIR KIDS AFTER ELDEN RING BOSSES LOOOOOOOOOOOOL https://t.co/4z16sm‚Ä¶;0.0;Neutral
108;2023-03-26;franchostaphplz;RT @Roldier: Risto Mejide cimienta su carrera durante a√±os en Telecinco meti√©ndose con todo el mundo, ganando dinero a base a insultar, men‚Ä¶;0.0;Neutral
109;2023-03-26;franchostaphplz;RT @follacamiones24: Aqu√≠ donde los veis est√°n haciendo cosplay de la serie Bob esponja, el colega es Calamardo cuando se daba una ostia en‚Ä¶;0.0;Neutral
110;2023-03-26;franchostaphplz;RT @danieldc1000: ü•∫ https://t.co/XHOJ6QQKsm;0.0;Neutral
111;2023-03-26;franchostaphplz;RT @ImErrebe: estoy absolutamente llorando https://t.co/KthVIWvMRQ;0.0;Neutral
112;2023-03-26;franchostaphplz;RT @albertodltrrr: https://t.co/158O2VhTOS;0.0;Neutral
113;2023-03-26;franchostaphplz;RT @adiplotti: Me estoy acordando de que en BoJack Horseman, Mr. Peanutbutter ten√≠a un matrimonio tras otro con mujeres m√°s j√≥venes que ter‚Ä¶;0.0;Neutral
114;2023-03-26;franchostaphplz;RT @LilNasX: this is not fair youre comparing a legend who has changed music forever to 50 cent;-0.2411;Negative
115;2023-03-26;franchostaphplz;RT @AquiNoEstaPatt: GRACIAS LAURA ESCANES https://t.co/zOCwStsHHr;0.0;Neutral
116;2023-03-25;franchostaphplz;RT @ShitpostGate: https://t.co/TR7YuaXMpI;0.0;Neutral
117;2023-03-25;franchostaphplz;RT @DonSoriano_: Yo ya lo ven√≠a avisando desde hace tiempo https://t.co/pEusTV36bt;0.0;Neutral
118;2023-03-25;franchostaphplz;RT @ImMiichi: De las pel√≠culas m√°s infravaloradas de Disney. Y no lo entiendo porque es un pelicul√≥n, de verdad. ‚ô• https://t.co/gmTFP5WvRL;0.4588;Positive
119;2023-03-25;franchostaphplz;RT @pizzaparacenar: https://t.co/izpCYR1aMw;0.0;Neutral
120;2023-03-25;franchostaphplz;@Asefron29 Tu por lo menos puedes si quieres xd;0.5859;Positive
121;2023-03-25;franchostaphplz;@RyuujiEVA01 JAJAJA;0.0;Neutral
122;2023-03-25;franchostaphplz;RT @RyuujiEVA01: @FranchoStaphPlz La ant√≠tesis del lol. Corrector que cojones;0.4215;Positive
123;2023-03-25;franchostaphplz;RT @juancarloespana: https://t.co/ROKlOBdgWh;0.0;Neutral
124;2023-03-25;franchostaphplz;RT @JongoCervantes: Los j√≥venes prefieren segunda mano Los j√≥venes no compran vivienda Los j√≥venes no quieren coche Los j√≥venes prefieren q‚Ä¶;-0.5267;Negative
125;2023-03-25;franchostaphplz;Como echo de menos jugar al voley;0.0;Neutral
126;2023-03-25;franchostaphplz;RT @AquiNoEstaPatt: Pues nada https://t.co/1TOyPXhAco;0.0;Neutral
127;2023-03-25;franchostaphplz;RT @EISuco: https://t.co/EIK6jZ7atS;0.0;Neutral
128;2023-03-25;franchostaphplz;"RT @NombreFalso1231: Es gracioso pero ASUSTA la cantidad de gente cuya vida consiste en ""ir tirando"" sin otro prop√≥sito que subsistir de un‚Ä¶";-0.3818;Negative
129;2023-03-25;franchostaphplz;RT @forestminish: Game Boy Advance games had absolutely no right being this damn beautiful. https://t.co/4P5GatX7FX;-0.1823;Negative
130;2023-03-25;franchostaphplz;RT @insultsrare: https://t.co/t4hTQXSaOL;0.0;Neutral
131;2023-03-25;franchostaphplz;RT @DenkiPunk: os caen bien vuestras parejas????;0.0;Neutral
132;2023-03-24;franchostaphplz;RT @MakeSouls: souls guy that has become one with the jelly;0.0;Neutral
133;2023-03-24;franchostaphplz;Hasta los cojones de mi novia sinceramente;0.0;Neutral
134;2023-03-24;franchostaphplz;RT @nikizmfr: Esto van a ser lo de los microgastos estos que nos comentaban en las noticias hace unos meses, lo de que nos tomamos muchos c‚Ä¶;0.0;Neutral
135;2023-03-24;franchostaphplz;RT @Abellcymeg: https://t.co/8NvR0BEkRD;0.0;Neutral
136;2023-03-24;franchostaphplz;@rchkye El profe del Dogtorado;0.0;Neutral
137;2023-03-24;franchostaphplz;RT @SenorMayorInt: Holy shit Lois https://t.co/ymHaMNAElz;-0.5574;Negative
138;2023-03-24;franchostaphplz;RT @ElDelJetpack: Recordemos que al principio Elon Musk lo vend√≠a como un s√≠mbolo de estatus porque ibas a tener en tu cuenta el mismo simb‚Ä¶;0.0;Neutral
139;2023-03-24;franchostaphplz;RT @SrLuchoPortuano: https://t.co/xMqFou4rjo;0.0;Neutral
140;2023-03-24;franchostaphplz;RT @chalkycandy: how can I ‚†á‚†ï‚†é‚†ë if I‚Äôm already ‚†â‚†ì ‚†ï‚†é‚†ë? like‚Ä¶;0.0;Neutral
141;2023-03-24;franchostaphplz;RT @PinjuShiny: Igual pensaron que pasar√≠a y me olvidar√≠a del m√≥vil pero se encontraron con la tipa m√°s pesada que ha pisado el planeta Tie‚Ä¶;0.34;Positive
142;2023-03-24;franchostaphplz;RT @DaftHero: 2023: valve saca counter strike 2 y nos permite por primera vez ver nuestros zapatos  2025: valve introduce un nuevo cosm√©tic‚Ä¶;-0.128;Negative
143;2023-03-24;franchostaphplz;RT @ayyalmulmao: Se la ha comido, se ha comido la naranja del √°rbol https://t.co/WmnZ90k9DS;0.5859;Positive
144;2023-03-24;franchostaphplz;RT @SRetornado: https://t.co/fzQ4PSFCTc;0.0;Neutral
145;2023-03-24;franchostaphplz;RT @ruvenconv: Me toca much√≠simo los cojones, no ten√©is ni puta idea de lo que es no tener fuerzas ni para levantaros de la cama, ni para d‚Ä¶;-0.5267;Negative
146;2023-03-24;franchostaphplz;RT @Phil_Lewis_: A Florida state representative reads  ‚ÄúAnita Dick‚Äù and ‚ÄúHolden Hiscock‚Äù into the record https://t.co/aMtpLQpot6;0.0;Neutral
147;2023-03-24;franchostaphplz;RT @brooklyn99: Terry says cheers to the weekend! ü•É Slam that laptop shut until Monday. https://t.co/siufF6orD3;0.2003;Positive
148;2023-03-24;franchostaphplz;RT @haxart1: hola!!!!  un amigo y yo estamos buscando actores para rodar nuestro tfg en abril en madrid!!!! si podeis darle un rt para que‚Ä¶;0.0;Neutral
149;2023-03-24;franchostaphplz;RT @Klkautsky1: El PP se buf√≥ 65.000.000.000 de euros de la hucha de las pensiones en SOLO 4 A√ëITOS entre putas, farlopa y abogados.  La Ir‚Ä¶;0.0;Neutral
150;2023-03-24;franchostaphplz;RT @laelihacheele: cuando ves a un amigx y est√° con un grupo de gente se deber√≠a de normalizar saludar solo a tu amigx como tal (abrazo, do‚Ä¶;0.0;Neutral
151;2023-03-24;franchostaphplz;RT @InasMaster: https://t.co/zjN7ZgBa1g;0.0;Neutral
152;2023-03-24;franchostaphplz;RT @TitoOeH: @FranchoStaphPlz acabas antes;0.0;Neutral
153;2023-03-24;franchostaphplz;SOY YO https://t.co/mAi5HSc2Xu;0.0;Neutral
154;2023-03-24;franchostaphplz;RT @sweetlemondream: reminds me of this beautiful moment https://t.co/tYxEGLWdUM;0.6833;Positive
155;2023-03-24;franchostaphplz;@carcellerW Asi es, me pone negroxd;0.0;Neutral
156;2023-03-24;franchostaphplz;@carcellerW Mi padre se dedica a poner todos los dias ( o hacer que la ponga yo ) la romba en cada sala de mi casa,‚Ä¶ https://t.co/IUE6jeenND;0.0;Neutral
157;2023-03-24;franchostaphplz;Cual es el punto de comprarse una roomba y ponerla todos los d√≠as en todos los sitios de la casa de forma manual te‚Ä¶ https://t.co/d6U1bCw4nd;0.0;Neutral
158;2023-03-23;franchostaphplz;RT @epicdndmemes: #dnd #ttrpg https://t.co/EMyZmLpFDb;0.0;Neutral
159;2023-03-23;franchostaphplz;Definitivamente Life is a bulgarian and you are an unstolen car;0.0;Neutral
160;2023-03-23;franchostaphplz;RT @drvnnk: Foto de la sospechosa https://t.co/6M5i91VUOQ;0.0;Neutral
161;2023-03-23;franchostaphplz;@J4ckY_CSGO Me duele m√°s cuando guts despierta tras el eclipse;0.0;Neutral
162;2023-03-23;franchostaphplz;La escena en la que al rescatar a Griffith este intenta ahogar a Guts con las nulas fuerzas que tiene y Guts simple‚Ä¶ https://t.co/Jb9V3lrAaJ;0.0;Neutral
163;2023-03-23;franchostaphplz;Yo cuando no habl√© con mi mejor amiga durante un a√±o y casi que ni me di cuenta  Lo siento Yas tkm https://t.co/15ogd6WAQW;-0.296;Negative
164;2023-03-23;franchostaphplz;RT @biosbard0: Notas del parche Marzo de 2023:  -el ciclo del agua ahora es de rojos y maricones;0.0;Neutral
165;2023-03-23;franchostaphplz;RT @DarkHeroCC: Fatalis lore memes are the best Monster Hunter memes. Change my mind https://t.co/gWhke0buR8;0.6369;Positive
166;2023-03-23;franchostaphplz;RT @Rayve_777: https://t.co/lcrRV1P2Ms;0.0;Neutral
167;2023-03-23;franchostaphplz;RT @TomTaylorMade: Superman is a refugee who chose to be a journalist to champion truth and justice. In his very 1st appearance, he broke d‚Ä¶;0.7783;Positive
168;2023-03-23;franchostaphplz;RT @pxxxblo: https://t.co/gDnJ7CVaf8;0.0;Neutral
169;2023-03-23;franchostaphplz;RT @TheRightSideTL: En este v√≠deo salen 3 muy posibles violadores y una pedazo de t√≠a;0.0;Neutral
170;2023-03-23;franchostaphplz;Una mujer https://t.co/RO16x6nyE4;0.0;Neutral
171;2023-03-23;franchostaphplz;RT @nanomakinas: Es flipante c√≥mo le dices a alguien que fuma tabaco que es malo y te admitir√° con total sinceridad que s√≠ y que se est√° jo‚Ä¶;0.0;Neutral
172;2023-03-23;franchostaphplz;@AquiNoEstaPatt TE GUSTA BABI  Mujer de cultura;0.0;Neutral
173;2023-03-23;franchostaphplz;RT @realMax0r: Next video I‚Äôm going to do 10 push-ups every time I get distracted by a YouTube video while editing;-0.34;Negative
174;2023-03-22;franchostaphplz;RT @AquiNoEstaPatt: Igual no quiero hablar *en ese momento* üò≠üò≠üò≠üò≠üò≠üò≠ O no quiero o no puedo o prefiero hacer 8 millones de cosas y no signifi‚Ä¶;-0.9761;Negative
175;2023-03-22;franchostaphplz;RT @shitpene: https://t.co/JxoPJxhxF5;0.0;Neutral
176;2023-03-22;franchostaphplz;RT @aleksioj_uwu: todo internet al descubrir esta informaci√≥n: https://t.co/vtmlLnOW6C;0.0;Neutral
177;2023-03-22;franchostaphplz;RT @Ewinor: ¬°Ladr√≥n de chochos suelto por Sevilla!  Se ruega extremen las precauciones.;0.0;Neutral
178;2023-03-22;franchostaphplz;RT @RyuujiEVA01: @FranchoStaphPlz Nos vemos en la c√°rcel bro;0.0;Neutral
179;2023-03-22;franchostaphplz;RT @aorrihtos: Hoy tiene pinta de que va a ser una ma√±ana de mierda;0.0;Neutral
180;2023-03-22;franchostaphplz;Bombardeen torremolinos https://t.co/0KHEqMEhrj;0.0;Neutral
181;2023-03-22;franchostaphplz;RT @Hi_Im_Vrola: https://t.co/MFudlJJq2X;0.0;Neutral
182;2023-03-22;franchostaphplz;RT @saltydkdan: LMAO DON'T GIVE AN ANIME GIRL YOUR SOCIAL SECURITY NUMBER;0.8689;Positive
183;2023-03-21;franchostaphplz;RT @AquiNoEstaPatt: Efectivamente, bajo ning√∫n concepto deber√≠an si no estoy yo para poder mirar.;-0.296;Negative
184;2023-03-21;franchostaphplz;RT @carcellerW: @FranchoStaphPlz Yo soy filemon bro;0.0;Neutral
185;2023-03-21;franchostaphplz;De hecho yo soy Guts de berserk https://t.co/NjRF79BUKO https://t.co/wTZowzCUrY;0.0;Neutral
186;2023-03-21;franchostaphplz;@Shady_Abyss Mira que pod√≠as hacer cosas... pero una ranked..... Me has decepcionado Chudy;0.0;Neutral
187;2023-03-21;franchostaphplz;RT @JavierSalcedo98: El llamar hijos de papi y mami a personas que han tenido padres econ√≥micamente responsables y exitosos, es una expresi‚Ä¶;0.0;Neutral
188;2023-03-21;franchostaphplz;RT @Peeverson: One of the best examples of Bloodshade coordination in Dark Souls 3.  And we're doing that shit again in Elden Ring as Assas‚Ä¶;0.1531;Positive
189;2023-03-21;franchostaphplz;RT @Lillyfilacta_TO: EVERY SINGLE BILL CLINTON KID APPEARENCE  A THREAD https://t.co/wyw841H1Pn;0.0;Neutral
190;2023-03-21;franchostaphplz;RT @Wihtiko_: S√≠, es un horno. Que consume menos electricidad, porque es m√°s peque√±o y no requiere tanto tiempo, y que es m√°s f√°cil de limp‚Ä¶;-0.296;Negative
191;2023-03-21;franchostaphplz;RT @DrippySoap: boring ahh moci√≥n de censura ü§¶ https://t.co/T3ws6CX30g;-0.3182;Negative
192;2023-03-21;franchostaphplz;RT @alexvinuesa22: Hoy vengo a contaros la gran actuaci√≥n de un camarero compinch√°ndose con mi padre para dar una de las mayores masterclas‚Ä¶;0.0;Neutral
193;2023-03-21;franchostaphplz;RT @Choconotewayas: @FranchoStaphPlz o pegarme un pu√±etazo;0.0;Neutral
194;2023-03-21;franchostaphplz;@Choconotewayas Al√©grate que su intrusive thought era s√≥lo gritar no y no comerse a un reci√©n nacido;-0.0803;Negative
195;2023-03-21;franchostaphplz;RT @EISuco: https://t.co/NqdvPvL004;0.0;Neutral
196;2023-03-21;franchostaphplz;"RT @Choconotewayas: no puedo mirar Asco de vida en clase porque me salen anuncios de t√≠as moviendo el culo ;(";-0.296;Negative
197;2023-03-21;franchostaphplz;RT @Memakker: https://t.co/U2Ob2IpMgi;0.0;Neutral
198;2023-03-21;franchostaphplz;RT @kansaita_: hay que hablar de lo duro que es ser adulto y no tener un grupo de amigos estable con el que socializar porque solo tienes 2‚Ä¶;-0.296;Negative
199;2023-03-21;franchostaphplz;RT @AquiNoEstaPatt: C√≥mo que duro;0.0;Neutral
200;2023-03-21;franchostaphplz;RT @carcellerW: @FranchoStaphPlz No termino de encajar linkedin como red social pq para mi es como algo para buscar curro y au pero siempre‚Ä¶;-0.296;Negative
201;2023-03-21;franchostaphplz;RT @BadSprite: please consider watching mob :) https://t.co/PiKceSzM0T;0.6486;Positive
202;2023-03-21;franchostaphplz;Un se√±or me acaba de hacer spam de su canal de youtube por linkedin WTF;-0.7925;Negative
203;2023-03-21;franchostaphplz;RT @MakeSouls: souls guy that studies the bonk;0.0;Neutral
204;2023-03-20;franchostaphplz;@Shady_Abyss Intento no pensar, simplemente actu√≥ y au. Luego estoy triste pero por lo menos he pasado otro d√≠a;-0.296;Negative
205;2023-03-20;franchostaphplz;RT @ZeddyHS: Honestly so sick of Rogue card design just being around mana cheat, scamming, and OTKing. It used to be one of my favorite cla‚Ä¶;-0.3052;Negative
206;2023-03-20;franchostaphplz;RT @Lilartoni: salgo del curro y lo primero que veo es alguien diciendo tener la propiedad intelectual de los pepes pues bueno;0.0;Neutral
207;2023-03-20;franchostaphplz;RT @kansaita_: el tweet es m√°s anticonceptivo que los condones es impresionante;0.0;Neutral
208;2023-03-20;franchostaphplz;RT @KizuRiley: I will never forgive demon slayer for tricking anime fans into thinking bright flashing lights mean good animation;0.6232;Positive
209;2023-03-20;franchostaphplz;RT @HiAitor: Las funas en internet son siempre as√≠: Las mujeres se quedan sin curros y sin eventos mientras a los chavales les vuelven a in‚Ä¶;-0.802;Negative
210;2023-03-20;franchostaphplz;RT @victor_hurtado: Lo mismo Aitana se enfada y se frustra porque no hay quien se concentre y aprenda con putos periodistas acos√°ndote hast‚Ä¶;-0.296;Negative
211;2023-03-20;franchostaphplz;RT @Only_MEGA1: Je suis mooorrt il a eu des flashbacks https://t.co/7iUcZ7C2tv;0.0;Neutral
212;2023-03-20;franchostaphplz;RT @xX_dogie_Xx: literally every Undertale fandub i‚Äôve ever watched is like this https://t.co/TUAI91BlS9;0.3612;Positive
213;2023-03-20;franchostaphplz;RT @DonSoriano_: https://t.co/CRNVSMlX1C;0.0;Neutral
214;2023-03-20;franchostaphplz;RT @cowlonfull: Been laughing about this for about 5 consecutive minutes https://t.co/QzqI1LgndL;0.4939;Positive
215;2023-03-20;franchostaphplz;RT @EISuco: ESTOY PEGANDO VOLTERETAS;0.0;Neutral
216;2023-03-20;franchostaphplz;"RT @narvalsincuerno: ""yo estar√≠a en el lado buena d la historia"" mfs cuando ven el texto m√°s s√°dico posible acompa√±ado d im√°genes q parecen‚Ä¶";0.0;Neutral
217;2023-03-20;franchostaphplz;RT @Choconotewayas: @mansa_net yassified;0.0;Neutral
218;2023-03-20;franchostaphplz;RT @EISuco: https://t.co/1Mkd6VSFcY;0.0;Neutral
